{
	"profit_usd": 0.894,
	"profit_crypto": 0.004213089999999994,
	"percentage": 44.44444444444444,
	"win": 4,
	"loss": 5,
	"betErrors": 0,
	"totalTxGasFee": 0.00297009,
	"totalTxGasFeeUsd": 0.63
}