{
	"profit_usd": 315.248,
	"profit_crypto": 1.4794603899999998,
	"percentage": 66.66666666666667,
	"win": 4,
	"loss": 2,
	"betErrors": 0,
	"totalTxGasFee": 0.0019801800000000002,
	"totalTxGasFeeUsd": 0.422
}