{
	"profit_usd": 7.099,
	"profit_crypto": 0.03345988999999999,
	"percentage": 70,
	"win": 7,
	"loss": 3,
	"betErrors": 0,
	"totalTxGasFee": 0.00423018,
	"totalTxGasFeeUsd": 0.898
}