{
	"profit_usd": 2.194,
	"profit_crypto": 0.010302039999999998,
	"percentage": 66.66666666666667,
	"win": 2,
	"loss": 1,
	"betErrors": 0,
	"totalTxGasFee": 0.00099,
	"totalTxGasFeeUsd": 0.211
}